GlobalRank,TldRank,Domain,TLD,RefSubNets,RefIPs,IDN_Domain,IDN_TLD,PrevGlobalRank,PrevTldRank,PrevRefSubNets,PrevRefIPs
1,1,google.com,com,500789,2278799,google.com,com,1,1,500835,2279017
2,2,facebook.com,com,488222,2385684,facebook.com,com,2,2,487958,2385001
3,3,youtube.com,com,440323,1974459,youtube.com,com,3,3,440007,1973395
4,4,instagram.com,com,400343,1836040,instagram.com,com,4,4,399953,1834881
5,5,twitter.com,com,397992,1692122,twitter.com,com,5,5,397747,1691746
6,6,linkedin.com,com,365235,1488237,linkedin.com,com,6,6,365035,1487054
7,7,microsoft.com,com,279413,748987,microsoft.com,com,7,7,279733,749397
8,8,googletagmanager.com,com,276012,1013364,googletagmanager.com,com,8,8,275797,1011791
9,9,apple.com,com,269458,835440,apple.com,com,9,9,269483,834114
10,10,github.com,com,245799,618475,github.com,com,10,10,245999,619145
11,1,wikipedia.org,org,245591,804781,wikipedia.org,org,11,1,245526,804557
12,2,wordpress.org,org,230354,854623,wordpress.org,org,12,2,230551,855003
13,1,youtu.be,be,218881,696494,youtu.be,be,13,1,218776,695815
14,11,play.google.com,com,206143,582441,play.google.com,com,14,11,206100,581793
15,3,en.wikipedia.org,org,204599,602731,en.wikipedia.org,org,15,3,204602,602547
16,12,pinterest.com,com,202988,769944,pinterest.com,com,16,12,202846,770068
17,1,goo.gl,gl,201044,697816,goo.gl,gl,17,1,201036,697233
18,13,maps.google.com,com,194756,720282,maps.google.com,com,18,13,194704,720193
19,14,vimeo.com,com,178611,580224,vimeo.com,com,19,14,178637,580133
20,15,docs.google.com,com,172830,497219,docs.google.com,com,20,15,172935,496891
21,16,x.com,com,171408,548119,x.com,com,21,16,171188,547576
22,17,apps.apple.com,com,168408,434422,apps.apple.com,com,22,17,168452,433471
23,18,whatsapp.com,com,164290,599138,whatsapp.com,com,23,18,164278,598757
24,19,tiktok.com,com,159485,529257,tiktok.com,com,24,19,159174,528486
25,1,bit.ly,ly,157067,447331,bit.ly,ly,25,1,157193,447129
26,20,amazon.com,com,154084,431957,amazon.com,com,26,20,154189,431559
27,21,adobe.com,com,152334,400559,adobe.com,com,27,21,152475,400266
28,22,wordpress.com,com,151711,437467,wordpress.com,com,28,22,151726,436845
29,1,wa.me,me,150140,559416,wa.me,me,29,1,150075,559136
30,4,nginx.org,org,150027,331843,nginx.org,org,30,4,149948,331461
31,23,nginx.com,com,147435,324743,nginx.com,com,31,23,147336,324339
32,24,policies.google.com,com,146675,471222,policies.google.com,com,32,24,146725,471169
33,25,drive.google.com,com,146395,403757,drive.google.com,com,33,25,146458,403270
34,5,mozilla.org,org,144986,392411,mozilla.org,org,34,5,145149,392488
35,26,plus.google.com,com,144776,457249,plus.google.com,com,35,26,144731,456710
36,27,api.whatsapp.com,com,144027,518302,api.whatsapp.com,com,36,27,144032,517850
37,28,player.vimeo.com,com,142510,434752,player.vimeo.com,com,37,28,142586,434599
38,29,blogspot.com,com,142016,401448,blogspot.com,com,38,29,142233,401673
39,1,europa.eu,eu,135659,425314,europa.eu,eu,39,1,135573,424468
40,6,apache.org,org,134149,265949,apache.org,org,40,6,134120,265719
41,2,t.me,me,128871,443268,t.me,me,41,2,129167,443609
42,2,maps.app.goo.gl,gl,126118,404629,maps.app.goo.gl,gl,42,2,126087,403941
43,1,github.io,io,122381,263495,github.io,io,43,1,122420,263004
44,30,itunes.apple.com,com,121547,283253,itunes.apple.com,com,44,30,121437,282511
45,31,yahoo.com,com,115329,282517,yahoo.com,com,46,32,115344,281826
46,32,gravatar.com,com,115253,354049,gravatar.com,com,45,31,115437,354280
47,33,support.microsoft.com,com,113976,293048,support.microsoft.com,com,47,33,114092,292866
48,34,reddit.com,com,113071,328484,reddit.com,com,48,34,113104,327864
49,1,miit.gov.cn,cn,112085,714249,miit.gov.cn,cn,49,1,112168,714352
50,35,qq.com,com,111947,524622,qq.com,com,50,35,112010,524759
51,36,tumblr.com,com,111395,330806,tumblr.com,com,51,36,111516,330879
52,1,forms.gle,gle,111273,289805,forms.gle,gle,52,1,111291,288857
53,1,nih.gov,gov,110353,285886,nih.gov,gov,53,1,110477,285161
54,37,macromedia.com,com,109907,263851,macromedia.com,com,54,37,109843,263377
55,2,beian.miit.gov.cn,cn,109230,684235,beian.miit.gov.cn,cn,55,2,109286,684315
56,38,spotify.com,com,109093,311585,spotify.com,com,56,38,108987,310921
57,39,amazonaws.com,com,105727,245802,amazonaws.com,com,57,39,105686,245258
58,40,flickr.com,com,101893,263795,flickr.com,com,58,40,101972,262856
59,41,sites.google.com,com,101052,242473,sites.google.com,com,59,41,101101,241870
60,7,archive.org,org,100682,250631,archive.org,org,60,7,100655,249840
61,42,open.spotify.com,com,99828,282936,open.spotify.com,com,61,42,99781,282297
62,43,medium.com,com,98403,248249,medium.com,com,62,43,98545,247873
63,2,ec.europa.eu,eu,98226,299872,ec.europa.eu,eu,63,2,98334,299489
64,44,office.com,com,97624,237322,office.com,com,64,44,97575,236524
65,45,nytimes.com,com,97346,249440,nytimes.com,com,65,45,97345,248793
66,8,w3.org,org,95623,196753,w3.org,org,66,8,95663,196771
67,46,baidu.com,com,94594,354237,baidu.com,com,67,46,94751,354616
68,9,creativecommons.org,org,92895,205013,creativecommons.org,org,68,9,92933,204515
69,47,soundcloud.com,com,92761,251237,soundcloud.com,com,69,47,92789,250576
70,48,forbes.com,com,90731,229038,forbes.com,com,70,48,90767,228150
71,49,live.com,com,88134,213456,live.com,com,71,49,87397,210369
72,2,www.ncbi.nlm.nih.gov,gov,86995,212688,www.ncbi.nlm.nih.gov,gov,72,2,87101,212085
73,1,zoom.us,us,86512,196363,zoom.us,us,73,1,86499,195805
74,1,sourceforge.net,net,85819,161057,sourceforge.net,net,74,1,85943,160946
75,10,web.archive.org,org,84745,202248,web.archive.org,org,75,10,84717,201613
76,50,godaddy.com,com,83937,208437,godaddy.com,com,76,50,84248,208961
77,51,paypal.com,com,83301,223745,paypal.com,com,77,51,83428,223470
78,52,theguardian.com,com,83249,208972,theguardian.com,com,78,52,83202,207994
79,53,sciencedirect.com,com,82149,190678,sciencedirect.com,com,79,53,82239,190013
80,2,cpanel.net,net,81481,285064,cpanel.net,net,80,2,81546,285316
81,11,doi.org,org,80508,176140,doi.org,org,81,11,80520,175585
82,1,t.co,co,80321,220869,t.co,co,82,1,80316,219741
83,54,googleblog.com,com,80145,203550,googleblog.com,com,84,55,80095,202428
84,55,cloudflare.com,com,79981,233252,cloudflare.com,com,83,54,80197,233756
85,56,wixsite.com,com,79752,195168,wixsite.com,com,85,56,79706,194308
86,57,cnn.com,com,79355,192431,cnn.com,com,87,58,79333,191390
87,58,oracle.com,com,79322,150346,oracle.com,com,86,57,79413,150067
88,59,dropbox.com,com,77862,176748,dropbox.com,com,88,59,77877,176159
89,60,vk.com,com,77798,259448,vk.com,com,89,60,77777,258727
90,1,who.int,int,77477,179438,who.int,int,90,1,77533,178570
91,61,dropcatch.com,com,77143,201161,dropcatch.com,com,91,61,77203,201128
92,62,shopify.com,com,76635,192716,shopify.com,com,92,62,76684,192117
93,63,opera.com,com,76131,188829,opera.com,com,93,63,76172,188477
94,64,tinyurl.com,com,75902,183379,tinyurl.com,com,95,65,75804,182612
95,3,launchpad.net,net,74400,129207,launchpad.net,net,96,3,74370,129092
96,65,accounts.google.com,com,74228,153414,accounts.google.com,com,94,64,75905,159251
97,66,bbc.com,com,74008,180640,bbc.com,com,97,66,73958,179585
98,67,youtube-nocookie.com,com,73784,177375,youtube-nocookie.com,com,98,67,73791,177145
99,1,bbc.co.uk,uk,73278,176784,bbc.co.uk,uk,99,1,73252,175931
100,68,l.facebook.com,com,72654,181517,l.facebook.com,com,100,68,72741,180650
101,4,php.net,net,72349,134920,php.net,net,101,4,72427,135057
102,69,issuu.com,com,71911,165484,issuu.com,com,103,69,71891,164943
103,70,bing.com,com,71894,159985,bing.com,com,105,70,71825,159205
104,5,researchgate.net,net,71823,164194,researchgate.net,net,102,5,71932,163639
105,1,mit.edu,edu,71739,152505,mit.edu,edu,104,1,71852,151828
106,2,harvard.edu,edu,71157,166927,harvard.edu,edu,106,2,71182,166169
107,71,reuters.com,com,70970,169287,reuters.com,com,107,71,70969,168375
108,72,weebly.com,com,70479,164027,weebly.com,com,108,72,70510,163443
109,73,workspaceupdates.googleblog.com,com,69252,175150,workspaceupdates.googleblog.com,com,109,73,69117,174106
110,74,ibm.com,com,69012,141842,ibm.com,com,110,74,69039,141218
111,75,nature.com,com,68660,150841,nature.com,com,111,75,68612,149899
112,76,wiley.com,com,68515,150354,wiley.com,com,112,76,68542,149638
113,3,cdc.gov,gov,68473,167791,cdc.gov,gov,114,3,68478,166946
114,12,wikimedia.org,org,68400,154539,wikimedia.org,org,115,13,68451,153773
115,13,gnu.org,org,68389,122898,gnu.org,org,113,12,68503,122804
116,77,imdb.com,com,68045,169868,imdb.com,com,116,77,68055,168945
117,14,un.org,org,67603,145490,un.org,org,117,14,67508,144591
118,78,weibo.com,com,67340,185838,weibo.com,com,118,78,67505,185820
119,79,springer.com,com,65997,141407,springer.com,com,119,79,66049,140868
120,1,linktr.ee,ee,65152,164810,linktr.ee,ee,120,1,65028,163766
121,80,washingtonpost.com,com,64551,153644,washingtonpost.com,com,121,80,64598,152792
122,15,debian.org,org,64515,110214,debian.org,org,122,15,64569,110134
123,81,wpa.qq.com,com,63152,253766,wpa.qq.com,com,124,82,63166,253738
124,82,mp.weixin.qq.com,com,63145,167392,mp.weixin.qq.com,com,123,81,63174,167416
125,3,stanford.edu,edu,62976,134071,stanford.edu,edu,125,3,63088,133470
126,83,forms.office.com,com,62319,130144,forms.office.com,com,127,84,62214,129710
127,84,bloomberg.com,com,62208,142515,bloomberg.com,com,126,83,62268,141733
128,85,expireddomains.com,com,61700,143000,expireddomains.com,com,130,87,61469,141633
129,86,wsj.com,com,61670,142234,wsj.com,com,128,85,61728,141408
130,87,msn.com,com,61487,135628,msn.com,com,129,86,61487,134892
131,88,outlook.com,com,61450,130767,outlook.com,com,131,88,61459,130287
132,4,pubmed.ncbi.nlm.nih.gov,gov,60443,140234,pubmed.ncbi.nlm.nih.gov,gov,132,4,60557,139456
133,16,cookiedatabase.org,org,60399,201838,cookiedatabase.org,org,133,16,60362,201284
134,89,plesk.com,com,59549,174476,plesk.com,com,134,89,59483,174242
135,90,businessinsider.com,com,59392,140918,businessinsider.com,com,135,90,59451,140133
136,1,g.page,page,59143,158582,g.page,page,136,1,59153,158135
137,5,nasa.gov,gov,58551,124662,nasa.gov,gov,137,5,58529,124039
138,91,statista.com,com,58025,134738,statista.com,com,138,91,58099,133785
139,2,www.gov.uk,uk,57999,139702,www.gov.uk,uk,140,2,57830,138844
140,92,list-manage.com,com,57827,130339,list-manage.com,com,139,92,57844,129777
141,6,cloudfront.net,net,57741,130427,cloudfront.net,net,141,6,57779,130061
142,93,unsplash.com,com,57553,137062,unsplash.com,com,142,93,57630,136436
143,3,beian.gov.cn,cn,57451,165684,beian.gov.cn,cn,143,3,57510,165771
144,94,discord.com,com,57092,135016,discord.com,com,145,95,57024,134289
145,95,example.com,com,57023,129980,example.com,com,144,94,57183,129912
146,1,discord.gg,gg,56456,134394,discord.gg,gg,146,1,56432,133946
147,3,telegram.me,me,55887,175709,telegram.me,me,147,3,55970,174889
148,96,myshopify.com,com,54510,128449,myshopify.com,com,148,96,54568,128054
149,1,amzn.to,to,54315,169134,amzn.to,to,149,1,54285,168341
150,97,wired.com,com,54230,121672,wired.com,com,150,97,54248,120990
151,98,wp.com,com,54134,157101,wp.com,com,151,98,54083,156344
152,99,eventbrite.com,com,54019,123358,eventbrite.com,com,153,100,53904,122757
153,100,mysql.com,com,53855,90479,mysql.com,com,152,99,53905,90398
154,101,calendly.com,com,53622,142112,calendly.com,com,154,101,53696,141966
155,102,time.com,com,53518,122866,time.com,com,157,103,53461,122087
156,7,behance.net,net,53508,136499,behance.net,net,156,7,53488,135779
157,103,googleusercontent.com,com,53398,122350,googleusercontent.com,com,155,102,53521,121936
158,104,addtoany.com,com,53235,145951,addtoany.com,com,158,104,53271,145294
159,105,podcasts.apple.com,com,53107,128916,podcasts.apple.com,com,159,105,53112,128332
160,106,cnbc.com,com,53049,123418,cnbc.com,com,161,107,52991,122528
161,107,go.com,com,53031,122434,go.com,com,160,106,53002,121683
162,17,npr.org,org,52861,125309,npr.org,org,162,17,52905,124535
163,8,slideshare.net,net,52738,109489,slideshare.net,net,163,8,52796,109027
164,1,twitch.tv,tv,52538,126456,twitch.tv,tv,164,1,52577,125757
165,18,ietf.org,org,52394,87184,ietf.org,org,165,18,52449,87092
166,3,dailymail.co.uk,uk,51869,120663,dailymail.co.uk,uk,166,3,51887,119713
167,108,hp.com,com,51512,95538,hp.com,com,170,111,51418,95008
168,109,chrome.google.com,com,51502,102310,chrome.google.com,com,169,110,51568,101927
169,110,ebay.com,com,51473,117232,ebay.com,com,168,109,51568,116774
170,111,canva.com,com,51275,118281,canva.com,com,171,112,51269,117763
171,112,usatoday.com,com,51244,120626,usatoday.com,com,172,113,51194,119868
172,113,huawei.com,com,51089,128953,huawei.com,com,173,114,51002,128485
173,4,line.me,me,50860,166459,line.me,me,174,4,50912,166065
174,19,commons.wikimedia.org,org,50286,109217,commons.wikimedia.org,org,176,19,50301,108649
175,4,telegraph.co.uk,uk,50280,114412,telegraph.co.uk,uk,175,4,50306,113612
176,114,aws.amazon.com,com,50272,99403,aws.amazon.com,com,177,115,50261,99094
177,115,gitlab.com,com,49982,85885,gitlab.com,com,179,117,50011,85615
178,116,cnet.com,com,49945,109916,cnet.com,com,178,116,50047,109249
179,117,mail.google.com,com,49928,108271,mail.google.com,com,167,108,51641,110193
180,118,stackoverflow.com,com,49779,92575,stackoverflow.com,com,180,118,49890,92384
181,2,g.co,co,49628,126978,g.co,co,181,2,49664,126450
182,119,sharepoint.com,com,49324,91628,sharepoint.com,com,183,120,49327,91410
183,120,oup.com,com,49281,104338,oup.com,com,182,119,49354,103737
184,121,etsy.com,com,49025,126282,etsy.com,com,184,121,48980,125652
185,6,loc.gov,gov,48967,93568,loc.gov,gov,185,6,48861,93129
186,122,ft.com,com,48825,107353,ft.com,com,186,122,48833,106485
187,4,berkeley.edu,edu,48729,101087,berkeley.edu,edu,187,4,48806,100524
188,123,aol.com,com,48675,95704,aol.com,com,188,123,48676,95473
189,1,aboutads.info,info,48435,136306,aboutads.info,info,189,1,48469,136247
190,124,openai.com,com,48421,108296,openai.com,com,190,124,48443,107708
191,125,ted.com,com,48115,102916,ted.com,com,191,125,48214,102474
192,126,blogger.com,com,48079,115086,blogger.com,com,192,126,48178,114610
193,20,validator.w3.org,org,47944,90500,validator.w3.org,org,193,20,47952,90384
194,1,gc.ca,ca,47676,103149,gc.ca,ca,194,1,47636,102618
195,127,edition.cnn.com,com,47643,106870,edition.cnn.com,com,195,127,47625,105990
196,128,tripadvisor.com,com,47475,119136,tripadvisor.com,com,197,129,47492,118695
197,129,surveymonkey.com,com,47414,93487,surveymonkey.com,com,199,131,47374,93316
198,130,uk.com,com,47407,127495,uk.com,com,196,128,47507,126928
199,131,tandfonline.com,com,47340,99161,tandfonline.com,com,198,130,47393,98590
200,132,hubspot.com,com,47108,105873,hubspot.com,com,200,132,47036,105296
201,5,independent.co.uk,uk,46952,108919,independent.co.uk,uk,201,5,46962,107941
202,133,techcrunch.com,com,46757,104157,techcrunch.com,com,202,133,46756,103527
203,134,britannica.com,com,46596,110529,britannica.com,com,203,134,46678,109842
204,135,outlook.live.com,com,46555,109454,outlook.live.com,com,223,146,45180,106543
205,1,free.fr,fr,46481,95420,free.fr,fr,204,1,46457,95015
206,1,google.de,de,46411,135462,google.de,de,205,1,46456,135294
207,136,imgur.com,com,46308,100659,imgur.com,com,208,136,46320,99955
208,137,wix.com,com,46298,99202,wix.com,com,206,135,46398,98670
209,21,fr.wikipedia.org,org,46290,106099,fr.wikipedia.org,org,207,21,46373,105694
210,138,i0.wp.com,com,46275,131992,i0.wp.com,com,209,137,46306,131342
211,139,squarespace.com,com,46103,102518,squarespace.com,com,211,138,46077,101796
212,5,cornell.edu,edu,46040,99941,cornell.edu,edu,210,5,46093,99452
213,140,yelp.com,com,46009,131691,yelp.com,com,212,139,46007,131489
214,141,cbsnews.com,com,45837,107098,cbsnews.com,com,214,141,45774,106417
215,142,stripe.com,com,45796,109690,stripe.com,com,213,140,45836,109263
216,7,ca.gov,gov,45656,106472,ca.gov,gov,216,7,45586,105860
217,143,trustpilot.com,com,45554,120484,trustpilot.com,com,215,142,45600,119888
218,144,jotform.com,com,45504,99819,jotform.com,com,217,143,45531,99454
219,6,amazon.co.uk,uk,45376,111421,amazon.co.uk,uk,218,6,45407,110842
220,145,pixabay.com,com,45334,110181,pixabay.com,com,219,144,45379,109681
221,146,baike.baidu.com,com,45327,110548,baike.baidu.com,com,220,145,45351,110544
222,1,bsky.app,app,45311,114346,bsky.app,app,222,1,45240,113436
223,22,unesco.org,org,45310,93379,unesco.org,org,221,22,45314,92808
224,147,web.facebook.com,com,45003,125426,web.facebook.com,com,225,147,45033,124773
225,23,iso.org,org,44971,76981,iso.org,org,224,23,45037,76822
226,24,arxiv.org,org,44759,87845,arxiv.org,org,226,24,44736,87394
227,148,dailymotion.com,com,44563,101956,dailymotion.com,com,227,148,44566,101288
228,149,substack.com,com,44471,107124,substack.com,com,231,151,44455,106587
229,150,samsung.com,com,44444,94184,samsung.com,com,230,150,44461,93512
230,151,sagepub.com,com,44440,93269,sagepub.com,com,229,149,44462,92784
231,4,sina.com.cn,cn,44416,104770,sina.com.cn,cn,228,4,44484,104625
232,152,myspace.com,com,44274,97806,myspace.com,com,232,152,44307,97435
233,153,prnewswire.com,com,44235,97814,prnewswire.com,com,233,153,44303,97213
234,154,redhat.com,com,44144,71434,redhat.com,com,234,154,44212,71496
235,25,allaboutcookies.org,org,44123,109570,allaboutcookies.org,org,235,25,44180,109377
236,155,bandcamp.com,com,44062,104510,bandcamp.com,com,237,156,44039,104105
237,26,networkadvertising.org,org,44026,110691,networkadvertising.org,org,238,26,44018,110627
238,156,mailchimp.com,com,43964,99306,mailchimp.com,com,236,155,44042,99004
239,157,theverge.com,com,43942,95911,theverge.com,com,241,158,43867,95131
240,158,outlook.office.com,com,43895,102464,outlook.office.com,com,239,157,43941,102069
241,2,gouv.fr,fr,43890,110406,gouv.fr,fr,240,2,43896,109759
242,6,washington.edu,edu,43695,80767,washington.edu,edu,242,6,43838,80496
243,159,booking.com,com,43644,103411,booking.com,com,243,159,43706,102949
244,160,goodreads.com,com,43516,101971,goodreads.com,com,244,160,43509,101397
245,8,fda.gov,gov,43409,95165,fda.gov,gov,246,8,43425,94646
246,27,cambridge.org,org,43368,90799,cambridge.org,org,245,27,43456,90177
247,161,investopedia.com,com,43220,105534,investopedia.com,com,249,161,43272,104761
248,28,hbr.org,org,43220,93710,hbr.org,org,248,29,43305,93184
249,162,latimes.com,com,43135,99173,latimes.com,com,250,162,43177,98516
250,9,themeforest.net,net,43116,111364,themeforest.net,net,251,9,43115,110909
251,163,mdpi.com,com,42923,88355,mdpi.com,com,252,163,42940,87700
252,164,web.whatsapp.com,com,42870,122942,web.whatsapp.com,com,253,164,42860,122378
253,7,princeton.edu,edu,42422,78864,princeton.edu,edu,254,7,42433,78587
254,29,de.wikipedia.org,org,42164,110884,de.wikipedia.org,org,255,30,42263,110718
255,165,aliyun.com,com,41990,102296,aliyun.com,com,256,165,41962,102163
256,1,mailchi.mp,mp,41952,88458,mailchi.mp,mp,257,1,41937,88151
257,166,nationalgeographic.com,com,41860,90117,nationalgeographic.com,com,258,166,41879,89651
258,167,netflix.com,com,41685,99126,netflix.com,com,259,167,41672,98458
259,30,thenai.org,org,41568,104063,thenai.org,org,247,28,43384,109221
260,168,webmd.com,com,41538,101915,webmd.com,com,260,168,41619,101407
261,2,readthedocs.io,io,41531,69090,readthedocs.io,io,261,2,41507,68952
262,169,scholar.google.com,com,41347,82130,scholar.google.com,com,263,170,41389,81769
263,170,163.com,com,41308,91260,163.com,com,262,169,41418,91228
264,171,livejournal.com,com,41300,89184,livejournal.com,com,264,171,41377,88722
265,9,whitehouse.gov,gov,41264,88343,whitehouse.gov,gov,265,9,41278,87895
266,172,taobao.com,com,41125,86492,taobao.com,com,266,172,41181,86439
267,10,epa.gov,gov,40952,90767,epa.gov,gov,267,10,40996,90257
268,173,bilibili.com,com,40907,82280,bilibili.com,com,269,174,40943,81994
269,174,mckinsey.com,com,40880,85089,mckinsey.com,com,268,173,40959,84717
270,31,dx.doi.org,org,40874,74508,dx.doi.org,org,270,31,40905,74302
271,175,theatlantic.com,com,40760,90595,theatlantic.com,com,271,175,40758,90118
272,32,ieee.org,org,40662,76292,ieee.org,org,272,32,40708,76044
273,33,worldbank.org,org,40650,82009,worldbank.org,org,273,33,40659,81287
274,34,mayoclinic.org,org,40579,101066,mayoclinic.org,org,276,34,40581,100294
275,11,usda.gov,gov,40576,90178,usda.gov,gov,275,11,40638,89731
276,176,quora.com,com,40562,94642,quora.com,com,274,176,40645,94108
277,177,huffingtonpost.com,com,40476,91022,huffingtonpost.com,com,279,179,40480,90513
278,178,dribbble.com,com,40474,97690,dribbble.com,com,277,177,40545,97300
279,8,academia.edu,edu,40448,82160,academia.edu,edu,280,8,40440,81776
280,179,youku.com,com,40437,101910,youku.com,com,278,178,40483,101736
281,1,yandex.ru,ru,40414,129646,yandex.ru,ru,281,1,40409,129241
282,180,docker.com,com,40325,71215,docker.com,com,283,181,40282,70981
283,181,s3.amazonaws.com,com,40311,82585,s3.amazonaws.com,com,282,180,40290,82150
284,182,office365.com,com,40218,74499,office365.com,com,284,182,40125,74246
285,183,sedo.com,com,39763,87111,sedo.com,com,285,183,39816,86948
286,35,weforum.org,org,39751,82743,weforum.org,org,286,35,39801,82259
287,184,scribd.com,com,39656,84790,scribd.com,com,288,185,39691,84123
288,185,healthline.com,com,39651,102383,healthline.com,com,289,186,39682,101601
289,186,indiatimes.com,com,39644,94945,indiatimes.com,com,287,184,39695,93979
290,187,kickstarter.com,com,39529,86374,kickstarter.com,com,290,187,39603,85903
291,188,nbcnews.com,com,39455,90471,nbcnews.com,com,291,188,39412,89838
292,189,bp.blogspot.com,com,39375,87909,bp.blogspot.com,com,292,189,39396,87403
293,7,google.co.uk,uk,39363,88324,google.co.uk,uk,293,7,39374,87988
294,36,frontiersin.org,org,39197,82372,frontiersin.org,org,294,36,39168,81635
295,190,marriott.com,com,39132,80407,marriott.com,com,295,190,39154,79918
296,191,huffpost.com,com,39119,88306,huffpost.com,com,296,191,39132,87703
297,37,change.org,org,39032,86148,change.org,org,297,37,39086,85580
298,192,ubuntu.com,com,38861,64594,ubuntu.com,com,299,192,38883,64478
299,193,indeed.com,com,38758,87744,indeed.com,com,301,194,38816,87212
300,194,freepik.com,com,38740,84264,freepik.com,com,300,193,38848,83982
301,195,skype.com,com,38698,93039,skype.com,com,302,195,38756,92906
302,9,columbia.edu,edu,38567,77112,columbia.edu,edu,303,9,38580,76670
303,196,youronlinechoices.com,com,38536,102970,youronlinechoices.com,com,305,197,38527,102924
304,197,hugedomains.com,com,38518,85305,hugedomains.com,com,317,207,37876,83645
305,198,apnews.com,com,38508,89354,apnews.com,com,306,198,38489,88704
306,199,steampowered.com,com,38463,83926,steampowered.com,com,304,196,38538,83459
307,38,python.org,org,38400,65883,python.org,org,308,38,38447,65744
308,200,translate.google.com,com,38391,75742,translate.google.com,com,307,199,38466,75364
309,201,zendesk.com,com,38310,80033,zendesk.com,com,309,200,38317,79571
310,202,pexels.com,com,38190,86563,pexels.com,com,310,201,38255,86114
311,12,noaa.gov,gov,38184,78802,noaa.gov,gov,298,12,38937,79928
312,203,perfectdomain.com,com,38134,72709,perfectdomain.com,com,311,202,38225,72647
313,204,businesswire.com,com,37986,81527,businesswire.com,com,312,203,38009,80972
314,205,usnews.com,com,37976,84455,usnews.com,com,314,205,37979,83889
315,206,fb.com,com,37934,82046,fb.com,com,313,204,37994,81451
316,207,deloitte.com,com,37905,75483,deloitte.com,com,315,206,37922,75110
317,39,pbs.org,org,37809,84304,pbs.org,org,316,39,37891,83854
318,208,cisco.com,com,37782,69680,cisco.com,com,318,208,37855,69380
319,209,biomedcentral.com,com,37780,77151,biomedcentral.com,com,319,209,37778,76576
320,210,deviantart.com,com,37682,79692,deviantart.com,com,320,210,37666,79351
321,13,state.gov,gov,37667,80379,state.gov,gov,321,13,37620,79604
322,211,foxnews.com,com,37573,84065,foxnews.com,com,322,211,37566,83429
323,212,theconversation.com,com,37550,81216,theconversation.com,com,323,212,37521,80582
324,213,statcounter.com,com,37540,93031,statcounter.com,com,325,213,37488,92623
325,10,umich.edu,edu,37518,75714,umich.edu,edu,324,10,37499,75171
326,214,economist.com,com,37450,76561,economist.com,com,326,214,37468,76165
327,215,eepurl.com,com,37378,85411,eepurl.com,com,327,215,37364,85109
328,40,openstreetmap.org,org,37324,74228,openstreetmap.org,org,328,40,37321,74010
329,41,plos.org,org,37235,74904,plos.org,org,330,41,37231,74313
330,8,ox.ac.uk,uk,37207,71945,ox.ac.uk,uk,329,8,37241,71643
331,11,yale.edu,edu,37012,75773,yale.edu,edu,331,11,37090,75286
332,216,fandom.com,com,36992,82736,fandom.com,com,332,216,36986,82276
333,217,patreon.com,com,36891,85283,patreon.com,com,335,219,36921,84700
334,218,intel.com,com,36874,68057,intel.com,com,333,217,36933,67705
335,219,chatgpt.com,com,36812,83487,chatgpt.com,com,336,220,36889,82932
336,220,googleapis.com,com,36760,74505,googleapis.com,com,334,218,36923,74189
337,221,salesforce.com,com,36669,75779,salesforce.com,com,337,221,36882,75814
338,222,arcgis.com,com,36664,70591,arcgis.com,com,338,222,36685,70189
339,42,apa.org,org,36661,78419,apa.org,org,339,42,36683,77922
340,223,xing.com,com,36639,96349,xing.com,com,340,223,36638,96277
341,224,cpanel.com,com,36587,93889,cpanel.com,com,341,224,36589,93795
342,5,fb.me,me,36490,74882,fb.me,me,342,5,36523,74479
343,1,or.kr,kr,36401,76826,or.kr,kr,343,1,36428,76496
344,2,cbc.ca,ca,36208,81534,cbc.ca,ca,344,2,36216,80821
345,225,psychologytoday.com,com,36176,84387,psychologytoday.com,com,345,225,36142,83823
346,226,wpguardian.com,com,36134,92516,wpguardian.com,com,348,227,36078,92259
347,3,wpguardian.io,io,36132,92513,wpguardian.io,io,349,3,36076,92255
348,43,oecd.org,org,36072,68686,oecd.org,org,346,43,36123,68422
349,227,v.qq.com,com,36027,94514,v.qq.com,com,347,226,36099,94628
350,12,psu.edu,edu,35968,71782,psu.edu,edu,351,12,35950,71423
351,228,sohu.com,com,35937,77907,sohu.com,com,350,228,36003,77880
352,229,typeform.com,com,35898,74211,typeform.com,com,352,229,35916,73955
353,230,sun.com,com,35708,53314,sun.com,com,353,230,35748,53331
354,2,amazon.de,de,35690,91068,amazon.de,de,354,2,35732,90667
355,44,upload.wikimedia.org,org,35579,71138,upload.wikimedia.org,org,355,44,35628,70817
356,13,upenn.edu,edu,35540,71612,upenn.edu,edu,356,13,35606,71188
357,231,nypost.com,com,35359,81386,nypost.com,com,357,231,35373,80775
358,232,zdnet.com,com,35294,69384,zdnet.com,com,358,232,35305,68994
359,233,bmj.com,com,35229,72342,bmj.com,com,359,233,35248,71852
360,234,tencent.com,com,35194,62552,tencent.com,com,361,235,35197,62399
361,235,wikihow.com,com,35147,76796,wikihow.com,com,360,234,35210,76278
362,236,newsweek.com,com,35133,76646,newsweek.com,com,362,236,35115,75977
363,237,nvidia.com,com,35045,67642,nvidia.com,com,363,237,35038,67112
364,238,jimdo.com,com,34955,80323,jimdo.com,com,364,238,34978,80089
365,239,vice.com,com,34929,75621,vice.com,com,365,239,34969,75147
366,240,alibaba.com,com,34895,67154,alibaba.com,com,366,240,34944,66782
367,241,fortune.com,com,34667,74513,fortune.com,com,367,241,34666,73922
368,1,go.id,id,34542,88193,go.id,id,369,1,34576,87585
369,242,akismet.com,com,34537,90092,akismet.com,com,368,242,34577,89761
370,1,business.site,site,34479,73371,business.site,site,372,1,34426,73069
371,243,themeisle.com,com,34421,90346,themeisle.com,com,371,243,34473,90182
372,10,windows.net,net,34344,68195,windows.net,net,370,10,34534,68320
373,244,eu.com,com,34315,89330,eu.com,com,377,247,34216,88549
374,245,dev.mysql.com,com,34314,51868,dev.mysql.com,com,373,244,34398,51953
375,246,typepad.com,com,34307,72730,typepad.com,com,375,245,34327,72421
376,45,pewresearch.org,org,34256,74265,pewresearch.org,org,380,45,34171,73501
377,247,newyorker.com,com,34233,74213,newyorker.com,com,376,246,34238,73733
378,11,azurewebsites.net,net,34143,69918,azurewebsites.net,net,374,11,34392,70018
379,248,giphy.com,com,34140,74405,giphy.com,com,379,249,34172,73807
380,249,oreilly.com,com,34138,57122,oreilly.com,com,378,248,34187,57063
381,250,domainmarket.com,com,34103,66434,domainmarket.com,com,381,250,34098,66135
382,251,elegantthemes.com,com,34008,88121,elegantthemes.com,com,382,251,34005,87889
383,252,android.com,com,33925,64693,android.com,com,383,252,33980,64372
384,14,uci.edu,edu,33885,57483,uci.edu,edu,384,14,33964,57353
385,46,eff.org,org,33628,59237,eff.org,org,385,46,33693,58982
386,1,fb.watch,watch,33510,66485,fb.watch,watch,386,1,33546,66112
387,14,nist.gov,gov,33427,62098,nist.gov,gov,387,14,33480,61653
388,253,scientificamerican.com,com,33417,70271,scientificamerican.com,com,401,259,32944,68997
389,9,cam.ac.uk,uk,33354,61641,cam.ac.uk,uk,388,9,33386,61394
390,254,firefox.com,com,33284,58294,firefox.com,com,405,261,32857,57223
391,47,es.wikipedia.org,org,33279,78436,es.wikipedia.org,org,389,47,33308,77943
392,255,buzzfeed.com,com,33264,73733,buzzfeed.com,com,391,254,33263,73247
393,48,jstor.org,org,33253,65135,jstor.org,org,392,48,33244,64829
394,256,sciencedaily.com,com,33251,70961,sciencedaily.com,com,390,253,33296,70488
395,257,books.google.com,com,33149,67231,books.google.com,com,393,255,33242,67002
396,1,abc.net.au,au,33032,70386,abc.net.au,au,400,1,32959,69861
397,3,canada.ca,ca,33029,73925,canada.ca,ca,396,3,33011,73269
398,258,xinhuanet.com,com,33016,68904,xinhuanet.com,com,394,256,33029,68756
399,259,microsoftonline.com,com,32945,52663,microsoftonline.com,com,408,263,32803,52348
400,49,coursera.org,org,32926,68878,coursera.org,org,398,49,32981,68326
401,260,geocities.com,com,32925,61785,geocities.com,com,397,257,32986,61650
402,12,threads.net,net,32923,81228,threads.net,net,395,12,33020,80604
403,261,tripod.com,com,32890,64276,tripod.com,com,399,258,32960,63968
404,262,about.com,com,32828,65236,about.com,com,403,260,32876,65012
405,15,ftc.gov,gov,32818,70797,ftc.gov,gov,402,15,32878,70411
406,1,telegra.ph,ph,32813,69798,telegra.ph,ph,406,1,32826,69484
407,15,umn.edu,edu,32774,63462,umn.edu,edu,404,15,32857,63166
408,263,fastcompany.com,com,32770,67932,fastcompany.com,com,407,262,32803,67642
409,264,mashable.com,com,32674,68770,mashable.com,com,409,264,32673,68205
410,265,buydomains.com,com,32652,62755,buydomains.com,com,410,265,32637,62528
411,50,postgresql.org,org,32450,50811,postgresql.org,org,412,50,32490,50792
412,1,gob.mx,mx,32313,67567,gob.mx,mx,413,1,32314,67102
413,16,nps.gov,gov,32272,72464,nps.gov,gov,414,16,32239,72026
414,266,odoo.com,com,32231,56626,odoo.com,com,411,266,32542,57216
415,267,gofundme.com,com,32228,72170,gofundme.com,com,415,267,32227,71538
416,51,fao.org,org,32097,62901,fao.org,org,416,51,32100,62451
417,16,wisc.edu,edu,31988,61533,wisc.edu,edu,417,16,32063,61197
418,268,login.microsoftonline.com,com,31959,50841,login.microsoftonline.com,com,421,270,31816,50513
419,269,elsevier.com,com,31956,57003,elsevier.com,com,418,268,32000,56798
420,270,merriam-webster.com,com,31890,67277,merriam-webster.com,com,420,269,31876,66746
421,52,science.org,org,31883,63042,science.org,org,460,58,30090,59449
422,53,wiktionary.org,org,31845,64282,wiktionary.org,org,419,52,31884,63955
423,17,ucla.edu,edu,31605,62479,ucla.edu,edu,423,17,31617,62088
424,271,zhihu.com,com,31579,55491,zhihu.com,com,424,272,31609,55441
425,1,admin.ch,ch,31576,66447,admin.ch,ch,425,1,31587,66153
426,272,dw.com,com,31547,66813,dw.com,com,426,273,31556,66151
427,273,ovhcloud.com,com,31540,74142,ovhcloud.com,com,422,271,31625,74284
428,274,stackexchange.com,com,31445,57788,stackexchange.com,com,428,275,31459,57520
429,275,news.google.com,com,31436,72346,news.google.com,com,429,276,31442,71630
430,18,cmu.edu,edu,31407,57905,cmu.edu,edu,430,18,31414,57617
431,276,dell.com,com,31387,58303,dell.com,com,427,274,31479,58088
432,19,si.edu,edu,31353,64152,si.edu,edu,433,19,31294,63685
433,277,us.com,com,31316,84746,us.com,com,432,278,31314,84225
434,278,globenewswire.com,com,31316,67714,globenewswire.com,com,431,277,31327,67172
435,279,thelancet.com,com,31295,63199,thelancet.com,com,434,279,31261,62614
436,280,ikea.com,com,31170,66725,ikea.com,com,436,281,31178,66414
437,281,gizmodo.com,com,31140,64178,gizmodo.com,com,435,280,31225,63775
438,282,wpastra.com,com,30972,99702,wpastra.com,com,437,282,30987,99412
439,54,sciencemag.org,org,30934,56810,sciencemag.org,org,439,54,30922,56590
440,55,acs.org,org,30902,59877,acs.org,org,438,53,30941,59499
441,17,irs.gov,gov,30878,69719,irs.gov,gov,440,17,30881,69374
442,56,jigsaw.w3.org,org,30733,54355,jigsaw.w3.org,org,444,55,30712,54296
443,283,jamanetwork.com,com,30717,63794,jamanetwork.com,com,445,285,30707,63258
444,284,gartner.com,com,30704,58690,gartner.com,com,441,283,30766,58436
445,20,uchicago.edu,edu,30701,60243,uchicago.edu,edu,442,20,30737,59907
446,285,getbootstrap.com,com,30668,52195,getbootstrap.com,com,443,284,30720,52104
447,21,jhu.edu,edu,30614,60696,jhu.edu,edu,446,21,30567,60217
448,286,hilton.com,com,30511,59929,hilton.com,com,447,286,30511,59591
449,1,safety.google,google,30499,84410,safety.google,google,448,1,30494,84024
450,287,disqus.com,com,30494,63558,disqus.com,com,449,287,30487,63285
451,288,elpais.com,com,30371,66007,elpais.com,com,450,288,30365,65408
452,289,vox.com,com,30364,65053,vox.com,com,452,289,30332,64613
453,57,pnas.org,org,30314,60075,pnas.org,org,451,56,30341,59619
454,290,zoom.com,com,30297,62624,zoom.com,com,453,290,30325,62358
455,291,techtarget.com,com,30226,61681,techtarget.com,com,454,291,30319,61387
456,58,moodle.org,org,30218,48337,moodle.org,org,455,57,30208,48209
457,292,marketwatch.com,com,30123,64339,marketwatch.com,com,456,292,30172,63934
458,293,enable-javascript.com,com,30092,53058,enable-javascript.com,com,459,294,30095,53071
459,1,in.ua,ua,30083,63036,in.ua,ua,457,1,30141,62641
460,294,arstechnica.com,com,30068,58800,arstechnica.com,com,458,293,30120,58496
461,22,utexas.edu,edu,30025,55909,utexas.edu,edu,462,22,30018,55588
462,295,naver.com,com,29973,76435,naver.com,com,461,295,30027,76282
463,296,slack.com,com,29929,59526,slack.com,com,464,296,29928,59258
464,18,ed.gov,gov,29922,60468,ed.gov,gov,463,18,30007,60234
465,297,matterport.com,com,29875,57948,matterport.com,com,467,299,29828,57786
466,298,intuit.com,com,29853,65996,intuit.com,com,466,298,29835,65639
467,299,aliexpress.com,com,29819,59468,aliexpress.com,com,465,297,29899,59087
468,300,meetup.com,com,29779,60709,meetup.com,com,469,300,29759,60297
469,10,ico.org.uk,uk,29735,74328,ico.org.uk,uk,468,10,29763,74133
470,301,walmart.com,com,29650,69051,walmart.com,com,470,301,29690,68468
471,302,w3schools.com,com,29596,54121,w3schools.com,com,472,302,29618,53938
472,59,mitre.org,org,29583,44926,mitre.org,org,471,59,29642,44911
473,303,1.bp.blogspot.com,com,29508,64520,1.bp.blogspot.com,com,473,303,29554,64078
474,304,fpdownload.macromedia.com,com,29496,52533,fpdownload.macromedia.com,com,474,304,29548,52459
475,305,medicalnewstoday.com,com,29495,70441,medicalnewstoday.com,com,475,305,29532,69857
476,60,kernel.org,org,29372,44517,kernel.org,org,477,60,29427,44520
477,306,inc.com,com,29334,62657,inc.com,com,476,306,29450,62168
478,6,m.me,me,29320,76568,m.me,me,478,6,29324,76185
479,5,people.com.cn,cn,29281,62446,people.com.cn,cn,479,5,29271,62384
480,61,acm.org,org,29206,51901,acm.org,org,480,61,29231,51759
481,6,www.beian.miit.gov.cn,cn,29154,64229,www.beian.miit.gov.cn,cn,481,6,29198,64338
482,62,aboutcookies.org,org,29079,64310,aboutcookies.org,org,482,62,29081,64216
483,63,unicef.org,org,29069,56858,unicef.org,org,483,63,29044,56522
484,307,engadget.com,com,28928,58887,engadget.com,com,485,307,28936,58388
485,308,box.com,com,28923,54862,box.com,com,486,308,28902,54460
486,19,bls.gov,gov,28915,62144,bls.gov,gov,484,19,28946,61809
487,309,constantcontact.com,com,28831,61214,constantcontact.com,com,489,309,28840,60891
488,64,bbb.org,org,28829,68810,bbb.org,org,488,64,28848,68632
489,310,entrepreneur.com,com,28826,62130,entrepreneur.com,com,490,310,28825,61717
490,3,google.fr,fr,28824,63256,google.fr,fr,487,3,28859,62988
491,311,jd.com,com,28821,53759,jd.com,com,496,311,28632,53225
492,20,house.gov,gov,28728,60766,house.gov,gov,493,20,28709,60452
493,3,bund.de,de,28713,79556,bund.de,de,492,3,28709,79400
494,23,uiuc.edu,edu,28703,44277,uiuc.edu,edu,491,23,28751,44250
495,65,letsencrypt.org,org,28665,44399,letsencrypt.org,org,494,65,28697,44396
496,312,variety.com,com,28645,63426,variety.com,com,501,315,28598,62802
497,66,openssl.org,org,28622,40728,openssl.org,org,495,66,28689,40764
498,313,digg.com,com,28618,57800,digg.com,com,498,313,28614,57563
499,4,qc.ca,ca,28610,59719,qc.ca,ca,502,4,28577,59372
500,314,shutterstock.com,com,28601,59887,shutterstock.com,com,497,312,28617,59480
501,2,go.kr,kr,28585,64436,go.kr,kr,500,2,28602,64203
502,315,marketingplatform.google.com,com,28565,68916,marketingplatform.google.com,com,499,314,28606,68807
503,316,jquery.com,com,28480,43307,jquery.com,com,503,316,28520,43287
504,317,photobucket.com,com,28424,55269,photobucket.com,com,504,317,28481,54981
505,318,aljazeera.com,com,28389,61859,aljazeera.com,com,509,319,28358,61331
506,319,ovh.com,com,28379,65560,ovh.com,com,505,318,28430,65608
507,11,guardian.co.uk,uk,28347,55022,guardian.co.uk,uk,508,11,28367,54801
508,21,usgs.gov,gov,28344,55496,usgs.gov,gov,506,21,28383,55091
509,2,ok.ru,ru,28257,78411,ok.ru,ru,511,2,28275,77864
510,22,hhs.gov,gov,28241,58408,hhs.gov,gov,507,22,28376,58411
511,67,rfc-editor.org,org,28235,40999,rfc-editor.org,org,510,67,28297,41035
512,1,wa.link,link,28166,89340,wa.link,link,513,1,28138,89005
513,7,heylink.me,me,28134,77565,heylink.me,me,517,7,28045,77101
514,13,doubleclick.net,net,28129,61283,doubleclick.net,net,522,13,28004,60340
515,320,feedburner.com,com,28125,59006,feedburner.com,com,514,321,28102,58742
516,321,teamviewer.com,com,28113,50122,teamviewer.com,com,515,322,28092,49963
517,322,ssrn.com,com,28089,54992,ssrn.com,com,516,323,28066,54544
518,323,airbnb.com,com,28081,61547,airbnb.com,com,512,320,28147,61028
519,1,lnkd.in,in,28044,49244,lnkd.in,in,524,1,27998,48990
520,324,slate.com,com,28026,58909,slate.com,com,523,326,27998,58547
521,1,govt.nz,nz,28000,56672,govt.nz,nz,521,1,28007,56339
522,325,rollingstone.com,com,27983,61475,rollingstone.com,com,527,329,27958,60882
523,326,getpocket.com,com,27977,74386,getpocket.com,com,526,328,27963,74169
524,327,trello.com,com,27958,57798,trello.com,com,519,324,28018,57526
525,2,itu.int,int,27936,44281,itu.int,int,518,2,28023,44233
526,328,git-scm.com,com,27919,44770,git-scm.com,com,525,327,27983,44646
527,329,pcmag.com,com,27890,57707,pcmag.com,com,520,325,28012,57262
528,4,spiegel.de,de,27837,59643,spiegel.de,de,528,4,27871,59412
529,5,google.ca,ca,27791,58132,google.ca,ca,532,5,27776,57912
530,23,census.gov,gov,27768,56712,census.gov,gov,529,23,27843,56465
531,1,google.es,es,27765,62877,google.es,es,531,1,27783,62561
532,330,chat.whatsapp.com,com,27762,69570,chat.whatsapp.com,com,534,330,27736,69144
533,68,iana.org,org,27745,42017,iana.org,org,530,68,27794,42025
534,4,lemonde.fr,fr,27736,58429,lemonde.fr,fr,533,4,27760,57961
535,1,amazon.co.jp,jp,27635,75940,amazon.co.jp,jp,535,1,27676,75841
536,69,apachefriends.org,org,27606,42833,apachefriends.org,org,536,69,27671,42892
537,331,snapchat.com,com,27529,64104,snapchat.com,com,538,332,27535,63584
538,332,euronews.com,com,27522,57149,euronews.com,com,537,331,27570,56653
539,12,www.nhs.uk,uk,27495,64371,www.nhs.uk,uk,539,12,27492,63948
540,13,service.gov.uk,uk,27472,60812,service.gov.uk,uk,540,13,27486,60496
541,333,atlassian.com,com,27427,50143,atlassian.com,com,542,333,27444,49990
542,334,ru.com,com,27421,76725,ru.com,com,548,335,27194,76200
543,24,nyu.edu,edu,27411,53531,nyu.edu,edu,543,24,27427,53227
544,70,freebsd.org,org,27409,39910,freebsd.org,org,541,70,27451,39921
545,24,justice.gov,gov,27381,57985,justice.gov,gov,545,24,27355,57504
546,335,automattic.com,com,27357,70207,automattic.com,com,544,334,27390,70084
547,336,wpengine.com,com,27245,58630,wpengine.com,com,552,338,27099,58095
548,25,sec.gov,gov,27167,56566,sec.gov,gov,547,25,27200,56107
549,2,google.co.jp,jp,27087,85982,google.co.jp,jp,546,2,27235,86129
550,337,bigcartel.com,com,27078,55238,bigcartel.com,com,550,336,27113,54897
551,71,fedoraproject.org,org,27078,39491,fedoraproject.org,org,549,71,27154,39489
552,72,clevelandclinic.org,org,27068,66316,clevelandclinic.org,org,557,72,27016,65645
553,338,netscape.com,com,27066,41716,netscape.com,com,551,337,27112,41750
554,339,pwc.com,com,27060,52886,pwc.com,com,554,340,27056,52534
555,340,indiegogo.com,com,27055,55730,indiegogo.com,com,553,339,27060,55396
556,1,shorturl.at,at,27024,52744,shorturl.at,at,556,1,27018,52336
557,14,mirror.co.uk,uk,26964,58418,mirror.co.uk,uk,555,14,27024,57789
558,25,ucsd.edu,edu,26960,50322,ucsd.edu,edu,558,25,26996,50032
559,15,thesun.co.uk,uk,26935,58872,thesun.co.uk,uk,560,15,26942,58284
560,73,ru.wikipedia.org,org,26922,58255,ru.wikipedia.org,org,559,73,26948,58100
561,341,politico.com,com,26903,57878,politico.com,com,562,341,26875,57393
562,3,yahoo.co.jp,jp,26871,78066,yahoo.co.jp,jp,561,3,26938,77942
563,342,barnesandnoble.com,com,26829,60894,barnesandnoble.com,com,564,343,26844,60520
564,4,hatena.ne.jp,jp,26828,73252,hatena.ne.jp,jp,567,4,26796,73123
565,343,siemens.com,com,26798,45976,siemens.com,com,563,342,26870,45916
566,344,fc2.com,com,26792,70290,fc2.com,com,565,344,26808,70082
567,26,senate.gov,gov,26777,56522,senate.gov,gov,566,26,26808,56177
568,74,telegram.org,org,26767,60748,telegram.org,org,569,74,26775,60252
569,345,qz.com,com,26746,54638,qz.com,com,568,345,26778,54317
570,7,mps.gov.cn,cn,26675,47795,mps.gov.cn,cn,570,7,26713,47805
571,75,orcid.org,org,26675,47230,orcid.org,org,573,75,26673,47069
572,26,purdue.edu,edu,26661,50658,purdue.edu,edu,571,26,26709,50436
573,346,news.yahoo.com,com,26659,53719,news.yahoo.com,com,572,346,26705,53379
574,347,mixcloud.com,com,26655,56840,mixcloud.com,com,574,347,26658,56463
575,2,kiev.ua,ua,26502,53214,kiev.ua,ua,577,2,26414,52535
576,348,generatepress.com,com,26472,85601,generatepress.com,com,575,348,26503,85191
577,16,thetimes.co.uk,uk,26407,54923,thetimes.co.uk,uk,581,16,26342,54351
578,2,cutt.ly,ly,26396,72202,cutt.ly,ly,579,2,26363,72099
579,349,zend.com,com,26369,40670,zend.com,com,576,349,26436,40720
580,76,altervista.org,org,26329,50026,altervista.org,org,578,76,26400,49909
581,350,withgoogle.com,com,26325,50494,withgoogle.com,com,580,350,26359,50276
582,351,feeds.feedburner.com,com,26278,54614,feeds.feedburner.com,com,584,352,26242,54370
583,352,udemy.com,com,26254,59531,udemy.com,com,582,351,26297,59093
584,8,www.gov.cn,cn,26240,55458,www.gov.cn,cn,583,8,26291,55418
585,353,wikia.com,com,26209,50402,wikia.com,com,585,353,26240,50115
586,2,netlify.app,app,26161,53194,netlify.app,app,587,2,26193,52853
587,27,energy.gov,gov,26155,56601,energy.gov,gov,586,27,26224,56145
588,354,java.com,com,26073,40078,java.com,com,589,354,26065,39981
589,5,rakuten.co.jp,jp,26057,71282,rakuten.co.jp,jp,588,5,26126,71183
590,27,duke.edu,edu,25981,49690,duke.edu,edu,590,27,26038,49338
591,77,nejm.org,org,25841,49809,nejm.org,org,592,77,25892,49441
592,355,espn.com,com,25832,58406,espn.com,com,591,355,25899,57894
593,356,addthis.com,com,25754,46389,addthis.com,com,594,357,25757,46317
594,357,appspot.com,com,25750,47621,appspot.com,com,593,356,25790,47410
595,358,hollywoodreporter.com,com,25748,56387,hollywoodreporter.com,com,595,358,25746,55827
596,359,youseasky.com,com,25714,51543,youseasky.com,com,597,360,25740,51561
597,28,usc.edu,edu,25710,49264,usc.edu,edu,598,28,25720,48991
598,360,gallup.com,com,25678,53386,gallup.com,com,596,359,25743,53021
599,361,stumbleupon.com,com,25663,54587,stumbleupon.com,com,601,362,25656,54360
600,362,nike.com,com,25656,54144,nike.com,com,600,361,25666,53645
601,29,ufl.edu,edu,25649,48596,ufl.edu,edu,599,29,25673,48263
602,363,fliphtml5.com,com,25610,47872,fliphtml5.com,com,604,364,25604,47602
603,364,vmware.com,com,25597,43220,vmware.com,com,602,363,25653,43122
604,78,drupal.org,org,25595,42302,drupal.org,org,603,78,25632,42209
605,365,howstuffworks.com,com,25520,52221,howstuffworks.com,com,605,365,25587,51915
606,6,on.ca,ca,25506,50319,on.ca,ca,609,6,25497,49975
607,79,kde.org,org,25462,39082,kde.org,org,608,80,25518,39121
608,366,livescience.com,com,25461,52927,livescience.com,com,612,368,25435,52556
609,367,chicagotribune.com,com,25454,54353,chicagotribune.com,com,607,366,25531,53969
610,9,chinadaily.com.cn,cn,25443,48041,chinadaily.com.cn,cn,610,9,25491,47774
611,80,opensource.org,org,25438,40426,opensource.org,org,606,79,25532,40445
612,368,techradar.com,com,25390,52421,techradar.com,com,611,367,25454,51983
613,2,blog.google,google,25361,52881,blog.google,google,617,2,25300,52254
614,1,google.it,it,25320,53417,google.it,it,614,1,25357,53345
615,369,sfgate.com,com,25315,54178,sfgate.com,com,613,369,25379,53796
616,370,jimdofree.com,com,25287,59441,jimdofree.com,com,615,370,25345,59370
617,371,so.com,com,25278,53537,so.com,com,619,371,25250,53589
618,30,umd.edu,edu,25276,45942,umd.edu,edu,616,30,25317,45715
619,372,timeanddate.com,com,25223,47967,timeanddate.com,com,620,372,25243,47733
620,81,slashdot.org,org,25221,42765,slashdot.org,org,618,81,25293,42656
621,14,earthlink.net,net,25179,40493,earthlink.net,net,621,14,25242,40456
622,373,lww.com,com,25145,48663,lww.com,com,623,374,25110,48286
623,28,congress.gov,gov,25142,52833,congress.gov,gov,625,28,25077,52436
624,374,scmp.com,com,25139,50938,scmp.com,com,624,375,25090,50490
625,375,webs.com,com,25093,47410,webs.com,com,622,373,25135,47254
626,376,technologyreview.com,com,25085,48947,technologyreview.com,com,626,376,25065,48603
627,2,gob.es,es,25017,54971,gob.es,es,627,2,25011,54672
628,377,sky.com,com,24995,53032,sky.com,com,629,378,24945,52469
629,82,perl.org,org,24956,35622,perl.org,org,630,82,24939,35608
630,2,vic.gov.au,au,24929,54999,vic.gov.au,au,631,2,24909,54649
631,378,instructables.com,com,24914,49507,instructables.com,com,628,377,24990,49247
632,379,mediafire.com,com,24850,53339,mediafire.com,com,634,381,24842,52920
633,31,unc.edu,edu,24844,46063,unc.edu,edu,635,31,24838,45753
634,380,woocommerce.com,com,24842,55297,woocommerce.com,com,674,402,24093,53139
635,381,venturebeat.com,com,24836,49180,venturebeat.com,com,632,379,24881,48872
636,382,evernote.com,com,24833,50912,evernote.com,com,633,380,24854,50535
637,83,imf.org,org,24832,48337,imf.org,org,636,83,24832,47961
638,383,newscientist.com,com,24828,49722,newscientist.com,com,637,382,24829,49356
639,3,smh.com.au,au,24756,50110,smh.com.au,au,639,3,24784,49812
640,1,web.dev,dev,24749,50038,web.dev,dev,638,1,24807,49797
641,384,mystrikingly.com,com,24746,52406,mystrikingly.com,com,641,384,24755,52134
642,385,bizjournals.com,com,24725,52714,bizjournals.com,com,640,383,24755,52477
643,29,ny.gov,gov,24651,57718,ny.gov,gov,643,29,24646,57368
644,386,visualstudio.com,com,24648,44426,visualstudio.com,com,642,385,24660,44295
645,32,msu.edu,edu,24582,46299,msu.edu,edu,646,32,24622,46086
646,387,cctv.com,com,24556,68783,cctv.com,com,645,387,24641,68769
647,1,go.th,th,24531,52249,go.th,th,649,1,24522,51890
648,388,qualtrics.com,com,24485,44807,qualtrics.com,com,648,388,24549,44670
649,2,optout.aboutads.info,info,24460,66451,optout.aboutads.info,info,647,2,24568,66426
650,389,amd.com,com,24460,44279,amd.com,com,655,392,24409,43888
651,390,bitnami.com,com,24454,34693,bitnami.com,com,651,390,24479,34724
652,2,lin.ee,ee,24429,84921,lin.ee,ee,652,2,24464,84526
653,391,it.com,com,24425,69615,it.com,com,662,396,24300,69067
654,392,ign.com,com,24409,51241,ign.com,com,650,389,24495,50772
655,1,mailinabox.email,email,24394,37565,mailinabox.email,email,696,1,23517,36012
656,393,history.com,com,24389,51590,history.com,com,644,386,24643,51640
657,394,laravel.com,com,24384,38347,laravel.com,com,653,391,24423,38250
658,395,duckduckgo.com,com,24376,45396,duckduckgo.com,com,656,393,24407,45167
659,396,theglobeandmail.com,com,24366,50503,theglobeandmail.com,com,657,394,24405,50112
660,84,icann.org,org,24352,43812,icann.org,org,658,84,24376,43714
661,3,vercel.app,app,24349,51240,vercel.app,app,654,3,24421,51008
662,17,express.co.uk,uk,24341,50607,express.co.uk,uk,659,17,24351,50078
663,8,about.me,me,24303,51525,about.me,me,661,8,24332,51380
664,397,playstation.com,com,24275,52505,playstation.com,com,660,395,24335,52112
665,398,parallels.com,com,24254,47073,parallels.com,com,664,397,24285,47052
666,33,ucdavis.edu,edu,24237,47967,ucdavis.edu,edu,666,33,24258,47619
667,6,sakura.ne.jp,jp,24229,60930,sakura.ne.jp,jp,663,6,24296,60743
668,85,en.m.wikipedia.org,org,24212,49791,en.m.wikipedia.org,org,665,85,24267,49463
669,399,zoho.com,com,24202,49077,zoho.com,com,668,399,24255,48863
670,86,nodejs.org,org,24197,40196,nodejs.org,org,669,86,24185,40010
671,400,people.com,com,24185,55135,people.com,com,670,400,24163,54549
672,401,semrush.com,com,24173,54666,semrush.com,com,667,398,24256,54090
673,1,anchor.fm,fm,24149,48635,anchor.fm,fm,673,1,24108,48233
674,34,illinois.edu,edu,24096,45277,illinois.edu,edu,671,34,24125,45027
675,402,thehill.com,com,24092,51216,thehill.com,com,672,401,24121,50875
676,7,utoronto.ca,ca,24050,44752,utoronto.ca,ca,675,7,24080,44405
677,403,lenovo.com,com,23983,45259,lenovo.com,com,677,403,24028,44895
678,404,de-de.facebook.com,com,23955,72635,de-de.facebook.com,com,678,404,23983,72533
679,2,notion.site,site,23932,49339,notion.site,site,676,2,24042,49311
680,405,nikkei.com,com,23929,56877,nikkei.com,com,679,405,23979,56655
681,406,smithsonianmag.com,com,23914,49230,smithsonianmag.com,com,681,407,23898,48881
682,407,economictimes.indiatimes.com,com,23868,51094,economictimes.indiatimes.com,com,680,406,23922,50659
683,35,asu.edu,edu,23857,46733,asu.edu,edu,682,35,23888,46351
684,3,mail.ru,ru,23800,55129,mail.ru,ru,683,3,23825,54971
685,18,ucl.ac.uk,uk,23783,42797,ucl.ac.uk,uk,687,18,23781,42528
686,408,rt.com,com,23782,45977,rt.com,com,685,409,23797,45585
687,409,autodesk.com,com,23734,41982,autodesk.com,com,689,410,23757,41821
688,8,ubc.ca,ca,23730,44780,ubc.ca,ca,688,8,23761,44432
689,410,ifeng.com,com,23726,49848,ifeng.com,com,684,408,23798,49876
690,1,uol.com.br,br,23671,55820,uol.com.br,br,690,1,23673,55201
691,411,olympics.com,com,23614,46963,olympics.com,com,698,414,23471,46326
692,87,gutenberg.org,org,23611,42765,gutenberg.org,org,691,87,23673,42636
693,412,steamcommunity.com,com,23603,47046,steamcommunity.com,com,692,411,23569,46703
694,2,pages.dev,dev,23593,64815,pages.dev,dev,686,2,23783,64262
695,30,privacyshield.gov,gov,23545,59933,privacyshield.gov,gov,695,30,23532,59919
696,1,gob.ar,ar,23544,52046,gob.ar,ar,693,1,23546,51590
697,413,proofpoint.com,com,23485,42538,proofpoint.com,com,694,412,23542,42330
698,31,archives.gov,gov,23481,47020,archives.gov,gov,700,32,23454,46678
699,32,fcc.gov,gov,23472,46306,fcc.gov,gov,699,31,23467,46005
700,414,iubenda.com,com,23442,56636,iubenda.com,com,704,417,23419,56462
701,36,northwestern.edu,edu,23425,45860,northwestern.edu,edu,701,36,23439,45539
702,415,garmin.com,com,23419,46234,garmin.com,com,697,413,23514,46102
703,416,angelfire.com,com,23386,43671,angelfire.com,com,702,415,23430,43552
704,417,npmjs.com,com,23377,41256,npmjs.com,com,703,416,23426,41155
705,418,moz.com,com,23337,49650,moz.com,com,707,419,23309,49244
706,419,sap.com,com,23321,41018,sap.com,com,705,418,23321,40861
707,3,coe.int,int,23319,41928,coe.int,int,706,3,23318,41734
708,420,dynadot.com,com,23289,55707,dynadot.com,com,709,421,23285,55535
709,421,ey.com,com,23277,42644,ey.com,com,708,420,23289,42465
710,422,binance.com,com,23276,55130,binance.com,com,710,422,23275,54681
711,423,podbean.com,com,23203,47065,podbean.com,com,712,424,23183,46746
712,424,nymag.com,com,23193,48900,nymag.com,com,711,423,23207,48561
713,5,ccc.de,de,23155,36960,ccc.de,de,715,5,23158,36868
714,425,cell.com,com,23137,45080,cell.com,com,716,426,23105,44705
715,426,fiverr.com,com,23112,54445,fiverr.com,com,713,425,23168,54134
716,1,translate.goog,goog,23098,45227,translate.goog,goog,714,1,23168,44914
717,427,axios.com,com,23090,50305,axios.com,com,717,427,23054,49785
718,33,medlineplus.gov,gov,22998,51177,medlineplus.gov,gov,722,34,22901,50475
719,37,arizona.edu,edu,22997,43670,arizona.edu,edu,718,37,23029,43442
720,34,usa.gov,gov,22937,46241,usa.gov,gov,720,33,22941,45976
721,428,dictionary.com,com,22912,45479,dictionary.com,com,719,428,22961,45134
722,88,undp.org,org,22901,42071,undp.org,org,721,88,22911,41741
723,2,gv.at,at,22828,49365,gv.at,at,723,2,22837,49147
724,2,or.id,id,22717,53125,or.id,id,728,2,22570,52321
725,38,colorado.edu,edu,22669,41964,colorado.edu,edu,725,38,22712,41697
726,429,digitaltrends.com,com,22663,45594,digitaltrends.com,com,724,429,22718,45238
727,39,virginia.edu,edu,22636,41009,virginia.edu,edu,726,39,22676,40806
728,89,faqs.org,org,22636,33282,faqs.org,org,727,89,22663,33292
729,430,cdn.shopify.com,com,22567,45945,cdn.shopify.com,com,733,432,22537,45536
730,431,uber.com,com,22552,46738,uber.com,com,730,430,22562,46380
731,7,ameblo.jp,jp,22540,63783,ameblo.jp,jp,732,7,22537,63570
732,432,gotowebinar.com,com,22528,35793,gotowebinar.com,com,731,431,22538,35747
733,90,dmoz.org,org,22498,33441,dmoz.org,org,729,90,22565,33449
734,9,bc.ca,ca,22467,43913,bc.ca,ca,734,9,22491,43781
735,91,phys.org,org,22441,44198,phys.org,org,735,91,22476,43826
736,433,tmall.com,com,22404,40180,tmall.com,com,737,433,22401,40175
737,92,iop.org,org,22395,40436,iop.org,org,736,92,22424,40121
738,93,ilo.org,org,22384,39818,ilo.org,org,739,93,22374,39529
739,4,spb.ru,ru,22354,44267,spb.ru,ru,738,4,22397,44185
740,434,hostinger.com,com,22341,92539,hostinger.com,com,740,434,22342,91984
741,435,weather.com,com,22325,42933,weather.com,com,741,435,22329,42734
742,436,france24.com,com,22297,45764,france24.com,com,744,438,22298,45326
743,437,asus.com,com,22288,42232,asus.com,com,742,436,22325,41902
744,3,lazada.co.id,id,22276,80530,lazada.co.id,id,745,3,22294,80338
745,438,digitalocean.com,com,22276,38799,digitalocean.com,com,743,437,22319,38687
746,10,miitbeian.gov.cn,cn,22248,41292,miitbeian.gov.cn,cn,746,10,22293,41363
747,94,khanacademy.org,org,22244,43954,khanacademy.org,org,747,94,22292,43500
748,35,fbi.gov,gov,22229,44618,fbi.gov,gov,748,35,22275,44316
749,439,nba.com,com,22201,46242,nba.com,com,749,439,22270,45973
750,1,google.nl,nl,22200,49084,google.nl,nl,750,1,22205,48928
751,95,cpan.org,org,22148,31687,cpan.org,org,751,95,22186,31731
752,96,cancer.org,org,22140,46300,cancer.org,org,754,96,22109,45957
753,4,nsw.gov.au,au,22115,46865,nsw.gov.au,au,759,4,22086,46619
754,440,lifehacker.com,com,22102,44402,lifehacker.com,com,755,441,22104,44145
755,441,schneier.com,com,22094,33587,schneier.com,com,752,440,22155,33610
756,36,dot.gov,gov,22071,43578,dot.gov,gov,758,36,22087,43344
757,40,bu.edu,edu,22069,43167,bu.edu,edu,753,40,22134,42899
758,97,heart.org,org,22056,45169,heart.org,org,756,97,22098,44920
759,442,githubusercontent.com,com,22054,36897,githubusercontent.com,com,763,443,22063,36646
760,4,sch.id,id,22041,50325,sch.id,id,757,4,22088,50132
761,41,rutgers.edu,edu,22031,40118,rutgers.edu,edu,760,41,22082,39915
762,5,amazon.fr,fr,22013,47547,amazon.fr,fr,762,5,22067,47306
763,37,va.gov,gov,22004,45115,va.gov,gov,767,37,22008,44998
764,443,blogger.googleusercontent.com,com,22002,51846,blogger.googleusercontent.com,com,761,442,22079,51569
765,19,metro.co.uk,uk,22000,46571,metro.co.uk,uk,765,19,22028,46087
766,38,dhs.gov,gov,21992,43072,dhs.gov,gov,769,38,22002,42776
767,98,joomla.org,org,21989,38746,joomla.org,org,773,99,21983,38664
768,2,ethz.ch,ch,21973,39387,ethz.ch,ch,770,2,21998,39129
769,6,strato.de,de,21968,50033,strato.de,de,764,6,22061,50228
770,444,caniuse.com,com,21954,33658,caniuse.com,com,768,444,22006,33656
771,445,ning.com,com,21946,42257,ning.com,com,772,445,21986,42102
772,99,imagemagick.org,org,21937,32598,imagemagick.org,org,771,98,21987,32623
773,446,nydailynews.com,com,21921,45784,nydailynews.com,com,775,447,21912,45368
774,42,osu.edu,edu,21874,43958,osu.edu,edu,776,42,21910,43644
775,4,webflow.io,io,21874,43604,webflow.io,io,766,4,22016,43603
776,447,crunchbase.com,com,21859,46431,crunchbase.com,com,774,446,21914,46117
777,2,imageshack.us,us,21853,39730,imageshack.us,us,777,2,21885,39496
778,1,curl.se,se,21835,32016,curl.se,se,778,1,21875,32057
779,6,lefigaro.fr,fr,21802,45104,lefigaro.fr,fr,779,6,21836,44848
780,43,brookings.edu,edu,21778,44289,brookings.edu,edu,784,43,21791,43851
781,448,twimg.com,com,21773,43562,twimg.com,com,785,450,21783,43193
782,2,haxx.se,se,21760,31591,haxx.se,se,781,2,21808,31650
783,100,openldap.org,org,21751,29642,openldap.org,org,780,100,21813,29738
784,39,uspto.gov,gov,21747,39464,uspto.gov,gov,788,39,21721,39228
785,449,urldefense.com,com,21745,40845,urldefense.com,com,783,449,21794,40582
786,450,accenture.com,com,21723,40228,accenture.com,com,782,448,21806,40022
787,451,mozilla.com,com,21714,36978,mozilla.com,com,786,451,21758,36914
788,10,amazon.ca,ca,21697,48073,amazon.ca,ca,789,10,21713,47895
789,2,lazada.com.ph,ph,21694,77008,lazada.com.ph,ph,787,2,21736,76859
790,3,ibb.co,co,21643,42201,ibb.co,co,790,3,21709,41933
791,11,google.cn,cn,21640,37053,google.cn,cn,791,11,21663,37059
792,452,vogue.com,com,21606,46724,vogue.com,com,792,452,21640,46295
793,40,cancer.gov,gov,21595,44339,cancer.gov,gov,797,40,21582,44022
794,3,square.site,site,21591,50135,square.site,site,796,3,21588,49908
795,44,tamu.edu,edu,21571,41212,tamu.edu,edu,795,44,21605,40904
796,453,libsyn.com,com,21558,45216,libsyn.com,com,794,454,21616,44920
797,41,treasury.gov,gov,21553,43661,treasury.gov,gov,799,41,21547,43290
798,1,1drv.ms,ms,21549,37711,1drv.ms,ms,801,1,21540,37574
799,454,foodnetwork.com,com,21542,47500,foodnetwork.com,com,800,456,21542,47060
800,15,fbcdn.net,net,21538,39664,fbcdn.net,net,807,16,21495,39356
801,455,cygwin.com,com,21529,31067,cygwin.com,com,798,455,21568,31070
802,45,utah.edu,edu,21512,40386,utah.edu,edu,804,45,21525,40052
803,456,kaspersky.com,com,21509,40366,kaspersky.com,com,793,453,21618,40197
804,16,csdn.net,net,21507,32428,csdn.net,net,803,15,21538,32325
805,457,webex.com,com,21506,33875,webex.com,com,806,458,21501,33671
806,42,texas.gov,gov,21484,45843,texas.gov,gov,811,42,21427,45566
807,1,is.gd,gd,21478,41345,is.gd,gd,802,1,21539,41086
808,458,lego.com,com,21472,41919,lego.com,com,810,461,21439,41544
809,459,prezi.com,com,21469,36879,prezi.com,com,805,457,21513,36792
810,460,yumpu.com,com,21466,40977,yumpu.com,com,809,460,21442,40742
811,101,ohchr.org,org,21454,40732,ohchr.org,org,814,101,21413,40338
812,461,broadcom.com,com,21442,35259,broadcom.com,com,812,462,21417,34977
813,462,calameo.com,com,21441,39933,calameo.com,com,808,459,21448,39811
814,463,thoughtco.com,com,21413,43610,thoughtco.com,com,815,464,21385,43229
815,464,ea.com,com,21388,43088,ea.com,com,816,465,21382,42594
816,43,usembassy.gov,gov,21370,41196,usembassy.gov,gov,817,43,21368,40828
817,465,verisign.com,com,21369,31441,verisign.com,com,813,463,21417,31464
818,466,theregister.com,com,21364,38321,theregister.com,com,818,466,21367,38078
819,1,army.mil,mil,21363,41291,army.mil,mil,820,1,21355,40968
820,467,yandex.com,com,21317,41293,yandex.com,com,821,468,21342,41145
821,468,nasdaq.com,com,21302,43534,nasdaq.com,com,823,469,21318,43105
822,44,wa.gov,gov,21293,43201,wa.gov,gov,822,44,21323,43043
823,469,billboard.com,com,21274,44876,billboard.com,com,827,471,21278,44524
824,9,paypal.me,me,21272,43420,paypal.me,me,825,9,21298,43230
825,470,iheart.com,com,21270,45410,iheart.com,com,828,472,21275,45127
826,102,bitbucket.org,org,21252,34441,bitbucket.org,org,826,102,21284,34339
827,471,istockphoto.com,com,21237,43534,istockphoto.com,com,819,467,21366,43515
828,472,thedailybeast.com,com,21224,44882,thedailybeast.com,com,824,470,21302,44511
829,1,linklist.bio,bio,21207,59979,linklist.bio,bio,839,1,21084,59359
830,473,accor.com,com,21180,37603,accor.com,com,831,474,21191,37400
831,474,novell.com,com,21180,30699,novell.com,com,830,473,21200,30726
832,475,fifa.com,com,21156,44588,fifa.com,com,832,475,21167,44121
833,103,consumerreports.org,org,21153,45509,consumerreports.org,org,829,103,21202,45060
834,3,flic.kr,kr,21123,37825,flic.kr,kr,834,3,21120,37673
835,476,nintendo.com,com,21120,45607,nintendo.com,com,833,476,21160,45236
836,477,moodle.com,com,21098,32087,moodle.com,com,841,481,21074,32018
837,104,matomo.org,org,21071,38526,matomo.org,org,837,104,21102,38430
838,478,sketchfab.com,com,21065,40104,sketchfab.com,com,838,479,21101,39820
839,479,mi.com,com,21061,35880,mi.com,com,840,480,21082,35638
840,480,500px.com,com,21056,46968,500px.com,com,836,478,21107,46751
841,481,globo.com,com,21053,50783,globo.com,com,842,482,21071,50318
842,482,today.com,com,21026,44743,today.com,com,843,483,21026,44467
843,7,ionos.de,de,21023,47933,ionos.de,de,844,7,21003,47933
844,483,gmail.com,com,21022,38541,gmail.com,com,835,477,21112,38324
845,484,ihg.com,com,20970,37521,ihg.com,com,847,485,20976,37357
846,485,hindustantimes.com,com,20946,46303,hindustantimes.com,com,845,484,20991,45723
847,20,ed.ac.uk,uk,20940,37599,ed.ac.uk,uk,846,20,20980,37388
848,486,mlb.com,com,20929,43973,mlb.com,com,851,489,20894,43699
849,487,houzz.com,com,20920,43382,houzz.com,com,852,490,20894,43038
850,488,target.com,com,20897,45995,target.com,com,856,491,20842,45583
851,489,salon.com,com,20894,41976,salon.com,com,848,486,20933,41696
852,490,vanityfair.com,com,20892,43785,vanityfair.com,com,849,487,20918,43453
853,21,blogspot.co.uk,uk,20860,43000,blogspot.co.uk,uk,854,21,20879,42735
854,5,vkontakte.ru,ru,20849,40708,vkontakte.ru,ru,853,5,20888,40598
855,2,last.fm,fm,20846,38463,last.fm,fm,855,2,20876,38406
856,491,tableau.com,com,20837,39834,tableau.com,com,850,488,20907,39716
857,492,gamespot.com,com,20817,42370,gamespot.com,com,857,492,20820,41933
858,493,att.com,com,20806,38747,att.com,com,861,494,20781,38427
859,3,youronlinechoices.eu,eu,20794,46197,youronlinechoices.eu,eu,859,3,20793,46165
860,1,lazada.com.my,my,20778,75308,lazada.com.my,my,860,1,20786,75158
861,494,hootsuite.com,com,20773,42487,hootsuite.com,com,869,498,20647,41968
862,495,boston.com,com,20757,40901,boston.com,com,858,493,20813,40676
863,105,greenpeace.org,org,20748,37826,greenpeace.org,org,864,105,20741,37622
864,496,kpmg.com,com,20731,37606,kpmg.com,com,865,496,20738,37337
865,497,digital.com,com,20719,30256,digital.com,com,862,495,20756,30279
866,498,deezer.com,com,20710,41295,deezer.com,com,868,497,20689,40964
867,3,t.ly,ly,20709,74946,t.ly,ly,863,3,20755,75036
868,4,wipo.int,int,20660,35511,wipo.int,int,866,4,20718,35289
869,17,speedtest.net,net,20647,36365,speedtest.net,net,867,17,20707,36148
870,5,news.com.au,au,20618,40846,news.com.au,au,870,5,20636,40629
871,45,dol.gov,gov,20605,41988,dol.gov,gov,871,45,20633,41818
872,2,lazada.co.th,th,20594,75069,lazada.co.th,th,872,2,20621,74976
873,499,hyatt.com,com,20580,38991,hyatt.com,com,874,500,20535,38730
874,500,chron.com,com,20576,41740,chron.com,com,873,499,20608,41413
875,12,news.cn,cn,20517,39944,news.cn,cn,876,12,20525,39719
876,501,in.linkedin.com,com,20473,50809,in.linkedin.com,com,877,502,20481,50466
877,502,americanexpress.com,com,20469,42237,americanexpress.com,com,875,501,20531,41962
878,5,itch.io,io,20434,40620,itch.io,io,880,5,20420,40266
879,503,themegrill.com,com,20425,50015,themegrill.com,com,879,504,20431,49831
880,504,fontawesome.com,com,20413,42662,fontawesome.com,com,881,505,20406,42623
881,505,zillow.com,com,20407,42743,zillow.com,com,886,507,20342,42385
882,106,unep.org,org,20394,36859,unep.org,org,882,106,20404,36632
883,506,xbox.com,com,20390,42080,xbox.com,com,878,503,20436,41714
884,507,meta.com,com,20342,40821,meta.com,com,918,523,19947,39802
885,1,lazada.sg,sg,20337,74065,lazada.sg,sg,884,1,20360,73888
886,8,mpg.de,de,20317,34280,mpg.de,de,887,8,20342,34130
887,508,fool.com,com,20303,41300,fool.com,com,883,506,20365,40978
888,46,indiana.edu,edu,20256,34972,indiana.edu,edu,885,46,20353,34913
889,509,gumroad.com,com,20244,44492,gumroad.com,com,890,508,20240,44305
890,107,centos.org,org,20226,28201,centos.org,org,888,107,20268,28187
891,108,man7.org,org,20216,29665,man7.org,org,889,108,20259,29714
892,510,ndtv.com,com,20195,43464,ndtv.com,com,892,510,20195,42924
893,511,over-blog.com,com,20181,39396,over-blog.com,com,891,509,20206,39154
894,512,lonelyplanet.com,com,20179,39541,lonelyplanet.com,com,897,512,20150,39235
895,109,nobelprize.org,org,20160,36078,nobelprize.org,org,913,111,20001,35548
896,46,nyc.gov,gov,20154,40919,nyc.gov,gov,899,46,20124,40491
897,6,google.ru,ru,20148,38281,google.ru,ru,895,6,20155,38227
898,513,ycombinator.com,com,20131,37939,ycombinator.com,com,894,511,20163,37842
899,2,google.co.in,in,20122,41279,google.co.in,in,896,2,20153,41121
900,47,ncsu.edu,edu,20117,36368,ncsu.edu,edu,893,47,20177,36234
901,514,domaintools.com,com,20086,36361,domaintools.com,com,901,515,20119,36221
902,515,voanews.com,com,20083,39453,voanews.com,com,898,513,20148,39215
903,110,hopkinsmedicine.org,org,20074,43774,hopkinsmedicine.org,org,903,109,20099,43425
904,516,douban.com,com,20058,41841,douban.com,com,900,514,20120,41968
905,517,microfocus.com,com,20049,29463,microfocus.com,com,917,522,19954,29230
906,9,heise.de,de,20048,40938,heise.de,de,904,9,20086,40817
907,5,esa.int,int,20039,35329,esa.int,int,906,5,20067,35224
908,111,wireshark.org,org,20027,30014,wireshark.org,org,905,110,20070,30044
909,518,ahrefs.com,com,20025,44018,ahrefs.com,com,902,516,20105,43598
910,519,thefreedictionary.com,com,20022,36998,thefreedictionary.com,com,907,517,20066,36825
911,520,thebalancemoney.com,com,20010,41496,thebalancemoney.com,com,908,518,20037,41198
912,521,pastebin.com,com,20008,37369,pastebin.com,com,910,519,20012,37135
913,4,huggingface.co,co,19997,37454,huggingface.co,co,911,4,20009,37089
914,522,colorlib.com,com,19972,40907,colorlib.com,com,912,520,20005,40840
915,523,urbandictionary.com,com,19964,39034,urbandictionary.com,com,920,525,19936,38792
916,524,foursquare.com,com,19952,37552,foursquare.com,com,915,521,19971,37347
917,8,nhk.or.jp,jp,19937,50380,nhk.or.jp,jp,909,8,20035,50244
918,48,wustl.edu,edu,19929,37297,wustl.edu,edu,916,48,19964,37137
919,2,navy.mil,mil,19929,36254,navy.mil,mil,923,2,19914,36030
920,1,notion.so,so,19911,41615,notion.so,so,914,1,19971,41520
921,112,hrw.org,org,19909,39789,hrw.org,org,921,112,19930,39494
922,1,mastodon.social,social,19907,40577,mastodon.social,social,922,1,19921,40232
923,525,pcworld.com,com,19904,36305,pcworld.com,com,919,524,19945,36002
924,3,ipcc.ch,ch,19898,35844,ipcc.ch,ch,926,3,19872,35622
925,526,deadline.com,com,19887,43236,deadline.com,com,927,526,19859,42730
926,1,envato.market,market,19880,46799,envato.market,market,924,1,19883,46527
927,2,1.envato.market,market,19875,46782,1.envato.market,market,925,2,19877,46510
928,527,bitly.com,com,19845,36941,bitly.com,com,928,527,19850,36774
929,528,v.youku.com,com,19830,39794,v.youku.com,com,930,529,19834,39695
930,529,timeout.com,com,19818,40725,timeout.com,com,931,530,19810,40366
931,530,service.weibo.com,com,19806,30267,service.weibo.com,com,929,528,19847,30259
932,531,upwork.com,com,19800,44238,upwork.com,com,932,531,19786,43950
933,1,lazada.vn,vn,19769,73638,lazada.vn,vn,933,1,19781,73571
934,113,metmuseum.org,org,19758,37473,metmuseum.org,org,936,113,19745,37185
935,532,tesla.com,com,19726,39918,tesla.com,com,935,532,19745,39581
936,49,ucsb.edu,edu,19725,36911,ucsb.edu,edu,934,49,19753,36640
937,114,wikibooks.org,org,19721,32108,wikibooks.org,org,937,114,19741,32011
938,533,gettyimages.com,com,19690,40263,gettyimages.com,com,939,534,19723,39971
939,534,trendmicro.com,com,19670,35145,trendmicro.com,com,938,533,19724,34949
940,115,lua.org,org,19648,28659,lua.org,org,940,115,19680,28689
941,18,uk.net,net,19631,55121,uk.net,net,944,18,19633,54806
942,50,pitt.edu,edu,19626,35867,pitt.edu,edu,943,50,19641,35583
943,535,panasonic.com,com,19612,37147,panasonic.com,com,942,535,19649,37088
944,536,i2.wp.com,com,19600,43633,i2.wp.com,com,945,536,19631,43310
945,116,wikisource.org,org,19571,33338,wikisource.org,org,941,116,19655,33251
946,117,iea.org,org,19549,36837,iea.org,org,950,118,19547,36472
947,22,eventbrite.co.uk,uk,19516,41007,eventbrite.co.uk,uk,949,23,19551,40847
948,118,craigslist.org,org,19515,39495,craigslist.org,org,946,117,19585,39303
949,23,standard.co.uk,uk,19500,41180,standard.co.uk,uk,947,22,19575,40816
950,537,padlet.com,com,19489,34291,padlet.com,com,956,542,19452,34153
951,538,indianexpress.com,com,19477,41602,indianexpress.com,com,952,539,19520,41194
952,539,medscape.com,com,19460,35943,medscape.com,com,953,540,19494,35745
953,540,mydomaincontact.com,com,19459,38981,mydomaincontact.com,com,954,541,19475,38983
954,541,force.com,com,19449,34512,force.com,com,948,537,19562,34584
955,10,welt.de,de,19422,40532,welt.de,de,955,10,19455,40296
956,542,aliyuncs.com,com,19410,31588,aliyuncs.com,com,951,538,19537,31690
957,119,mediawiki.org,org,19406,30328,mediawiki.org,org,958,119,19436,30258
958,543,prestashop.com,com,19382,37664,prestashop.com,com,961,545,19410,37587
959,544,1688.com,com,19378,35005,1688.com,com,959,544,19419,35135
960,3,nic.in,in,19368,47595,nic.in,in,965,3,19375,47103
961,19,slatic.net,net,19366,69745,slatic.net,net,960,19,19417,69662
962,51,georgetown.edu,edu,19357,35692,georgetown.edu,edu,966,51,19347,35413
963,120,gimp.org,org,19352,33269,gimp.org,org,963,120,19388,33084
964,545,discogs.com,com,19344,37726,discogs.com,com,962,546,19392,37502
965,546,nokia.com,com,19330,32387,nokia.com,com,964,547,19376,32242
966,547,amazon-adsystem.com,com,19262,54727,amazon-adsystem.com,com,967,548,19259,54521
967,47,cia.gov,gov,19252,34048,cia.gov,gov,969,47,19253,33893
968,548,lazada.com,com,19251,71523,lazada.com,com,968,549,19258,71403
969,549,glassdoor.com,com,19245,40220,glassdoor.com,com,970,550,19244,39885
970,48,dataprivacyframework.gov,gov,19228,47326,dataprivacyframework.gov,gov,1145,55,17352,43744
971,550,douyin.com,com,19228,42271,douyin.com,com,974,554,19191,42086
972,551,flaticon.com,com,19180,36069,flaticon.com,com,971,551,19234,35951
973,552,securityfocus.com,com,19154,27619,securityfocus.com,com,972,552,19223,27649
974,6,redis.io,io,19143,28143,redis.io,io,976,6,19162,28154
975,553,feedly.com,com,19138,48285,feedly.com,com,980,557,19122,48201
976,554,lg.com,com,19134,37479,lg.com,com,978,555,19145,37127
977,555,sony.com,com,19122,35935,sony.com,com,979,556,19138,35675
978,556,redbull.com,com,19120,37737,redbull.com,com,981,558,19117,37436
979,557,qcloud.com,com,19115,34522,qcloud.com,com,984,561,19110,34518
980,7,narod.ru,ru,19112,33679,narod.ru,ru,975,7,19162,33621
981,121,isc.org,org,19106,27005,isc.org,org,977,121,19158,27035
982,558,verizon.com,com,19105,36810,verizon.com,com,957,543,19444,37252
983,559,jetbrains.com,com,19087,31228,jetbrains.com,com,983,560,19111,31136
984,560,seattletimes.com,com,19081,39316,seattletimes.com,com,973,553,19218,39146
985,122,freedesktop.org,org,19080,28028,freedesktop.org,org,985,122,19092,27959
986,9,b.hatena.ne.jp,jp,19070,56119,b.hatena.ne.jp,jp,990,9,19032,56036
987,24,ebay.co.uk,uk,19067,36882,ebay.co.uk,uk,991,24,19031,36673
988,6,google.com.au,au,19063,38795,google.com.au,au,986,6,19053,38627
989,1,vatican.va,va,19061,36117,vatican.va,va,988,1,19040,35902
990,561,perl.com,com,19059,26967,perl.com,com,982,559,19115,27001
991,52,caltech.edu,edu,19007,33872,caltech.edu,edu,989,52,19036,33686
992,123,aarp.org,org,19006,39469,aarp.org,org,987,123,19044,39281
993,7,gitbook.io,io,18983,36820,gitbook.io,io,992,7,18991,36677
994,20,b-cdn.net,net,18966,43686,b-cdn.net,net,995,20,18960,43111
995,562,usps.com,com,18948,37083,usps.com,com,994,563,18966,36786
996,563,verywellmind.com,com,18938,40930,verywellmind.com,com,993,562,18981,40613
997,124,eurekalert.org,org,18931,36633,eurekalert.org,org,996,124,18929,36311
998,11,globalnews.ca,ca,18894,39167,globalnews.ca,ca,999,11,18893,38772
999,564,smugmug.com,com,18871,36722,smugmug.com,com,1001,567,18885,36483
1000,200,gov.sg,sg,20000,40000,gov.sg,sg,999,200,20000,40000
1001,201,police.gov.sg,sg,20001,40001,police.gov.sg,sg,1000,201,20001,40001
1002,202,moh.gov.sg,sg,20002,40002,moh.gov.sg,sg,1001,202,20002,40002
1003,203,hpb.gov.sg,sg,20003,40003,hpb.gov.sg,sg,1002,203,20003,40003
1004,204,hdb.gov.sg,sg,20004,40004,hdb.gov.sg,sg,1003,204,20004,40004
1005,205,cpf.gov.sg,sg,20005,40005,cpf.gov.sg,sg,1004,205,20005,40005
1006,206,iras.gov.sg,sg,20006,40006,iras.gov.sg,sg,1005,206,20006,40006
1007,207,scdf.gov.sg,sg,20007,40007,scdf.gov.sg,sg,1006,207,20007,40007
1008,208,mindef.gov.sg,sg,20008,40008,mindef.gov.sg,sg,1007,208,20008,40008
1009,209,singpass.gov.sg,sg,20009,40009,singpass.gov.sg,sg,1008,209,20009,40009
1010,210,ica.gov.sg,sg,20010,40010,ica.gov.sg,sg,1009,210,20010,40010
1011,211,lta.gov.sg,sg,20011,40011,lta.gov.sg,sg,1010,211,20011,40011
1012,212,nparks.gov.sg,sg,20012,40012,nparks.gov.sg,sg,1011,212,20012,40012
1013,213,nea.gov.sg,sg,20013,40013,nea.gov.sg,sg,1012,213,20013,40013
1014,214,mas.gov.sg,sg,20014,40014,mas.gov.sg,sg,1013,214,20014,40014
1015,215,sla.gov.sg,sg,20015,40015,sla.gov.sg,sg,1014,215,20015,40015
1016,216,smartnation.gov.sg,sg,20016,40016,smartnation.gov.sg,sg,1015,216,20016,40016
1017,217,onepa.gov.sg,sg,20017,40017,onepa.gov.sg,sg,1016,217,20017,40017
1018,218,nyc.gov.sg,sg,20018,40018,nyc.gov.sg,sg,1017,218,20018,40018
1019,219,sportsg.gov.sg,sg,20019,40019,sportsg.gov.sg,sg,1018,219,20019,40019
1020,220,singhealth.com.sg,sg,20020,40020,singhealth.com.sg,sg,1019,220,20020,40020
1021,221,nhg.com.sg,sg,20021,40021,nhg.com.sg,sg,1020,221,20021,40021
1022,222,kkh.com.sg,sg,20022,40022,kkh.com.sg,sg,1021,222,20022,40022
1023,223,ttsh.com.sg,sg,20023,40023,ttsh.com.sg,sg,1022,223,20023,40023
1024,224,sgh.com.sg,sg,20024,40024,sgh.com.sg,sg,1023,224,20024,40024
1025,225,sit.edu.sg,sg,20025,40025,sit.edu.sg,sg,1024,225,20025,40025
1026,226,nus.edu.sg,sg,20026,40026,nus.edu.sg,sg,1025,226,20026,40026
1027,227,ntu.edu.sg,sg,20027,40027,ntu.edu.sg,sg,1026,227,20027,40027
1028,228,smu.edu.sg,sg,20028,40028,smu.edu.sg,sg,1027,228,20028,40028
1029,229,suss.edu.sg,sg,20029,40029,suss.edu.sg,sg,1028,229,20029,40029
1030,230,sp.edu.sg,sg,20030,40030,sp.edu.sg,sg,1029,230,20030,40030
1031,231,ite.edu.sg,sg,20031,40031,ite.edu.sg,sg,1030,231,20031,40031
1032,232,republicpoly.edu.sg,sg,20032,40032,republicpoly.edu.sg,sg,1031,232,20032,40032
1033,233,dbs.com.sg,sg,20033,40033,dbs.com.sg,sg,1032,233,20033,40033
1034,234,ocbc.com.sg,sg,20034,40034,ocbc.com.sg,sg,1033,234,20034,40034
1035,235,uob.com.sg,sg,20035,40035,uob.com.sg,sg,1034,235,20035,40035
1036,236,maybank.com.sg,sg,20036,40036,maybank.com.sg,sg,1035,236,20036,40036
1037,237,hsbc.com.sg,sg,20037,40037,hsbc.com.sg,sg,1036,237,20037,40037
1038,238,standardchartered.com.sg,sg,20038,40038,standardchartered.com.sg,sg,1037,238,20038,40038
1039,239,grab.com,com,20039,40039,grab.com,com,1038,239,20039,40039
1040,240,shopee.sg,sg,20040,40040,shopee.sg,sg,1039,240,20040,40040
1041,241,lazada.sg,sg,20041,40041,lazada.sg,sg,1040,241,20041,40041
1042,242,fairprice.com.sg,sg,20042,40042,fairprice.com.sg,sg,1041,242,20042,40042
1043,243,carousell.sg,sg,20043,40043,carousell.sg,sg,1042,243,20043,40043
1044,244,starhub.com.sg,sg,20044,40044,starhub.com.sg,sg,1043,244,20044,40044
1045,245,singtel.com,com,20045,40045,singtel.com,com,1044,245,20045,40045
1046,246,m1.com.sg,sg,20046,40046,m1.com.sg,sg,1045,246,20046,40046
1047,247,straitstimes.com,com,20047,40047,straitstimes.com,com,1046,247,20047,40047
1048,248,channelnewsasia.com,com,20048,40048,channelnewsasia.com,com,1047,248,20048,40048
1049,249,zaobao.com.sg,sg,20049,40049,zaobao.com.sg,sg,1048,249,20049,40049
1050,250,mediacorp.sg,sg,20050,40050,mediacorp.sg,sg,1049,250,20050,40050
